Zip Code,City,State,Zip Code Map
11004,Glen Oaks,New York,View Map
11005,Floral Park,New York,View Map
11101,Long Island City,New York,View Map
11102,Astoria,New York,View Map
11103,Astoria,New York,View Map
11104,Sunnyside,New York,View Map
11105,Astoria,New York,View Map
11106,Astoria,New York,View Map
11109,Long Island City,New York,View Map
11120,Long Island City,New York,View Map
11351,Flushing,New York,View Map
11352,Flushing,New York,View Map
11354,Flushing,New York,View Map
11355,Flushing,New York,View Map
11356,College Point,New York,View Map
11357,Whitestone,New York,View Map
11358,Flushing,New York,View Map
11359,Bayside,New York,View Map
11360,Bayside,New York,View Map
11361,Bayside,New York,View Map
11362,Little Neck,New York,View Map
11363,Little Neck,New York,View Map
11364,Oakland Gardens,New York,View Map
11365,Fresh Meadows,New York,View Map
11366,Fresh Meadows,New York,View Map
11367,Flushing,New York,View Map
11368,Corona,New York,View Map
11369,East Elmhurst,New York,View Map
11370,East Elmhurst,New York,View Map
11371,Flushing,New York,View Map
11372,Jackson Heights,New York,View Map
11373,Elmhurst,New York,View Map
11374,Rego Park,New York,View Map
11375,Forest Hills,New York,View Map
11377,Woodside,New York,View Map
11378,Maspeth,New York,View Map
11379,Middle Village,New York,View Map
11380,Elmhurst,New York,View Map
11381,Flushing,New York,View Map
11385,Ridgewood,New York,View Map
11386,Ridgewood,New York,View Map
11390,Flushing,New York,View Map
11405,Jamaica,New York,View Map
11411,Cambria Heights,New York,View Map
11412,Saint Albans,New York,View Map
11413,Springfield Gardens,New York,View Map
11414,Howard Beach,New York,View Map
11415,Kew Gardens,New York,View Map
11416,Ozone Park,New York,View Map
11417,Ozone Park,New York,View Map
11418,Richmond Hill,New York,View Map
11419,South Richmond Hill,New York,View Map
11420,South Ozone Park,New York,View Map
11421,Woodhaven,New York,View Map
11422,Rosedale,New York,View Map
11423,Hollis,New York,View Map
11424,Jamaica,New York,View Map
11425,Jamaica,New York,View Map
11426,Bellerose,New York,View Map
11427,Queens Village,New York,View Map
11428,Queens Village,New York,View Map
11429,Queens Village,New York,View Map
11430,Jamaica,New York,View Map
11431,Jamaica,New York,View Map
11432,Jamaica,New York,View Map
11433,Jamaica,New York,View Map
11434,Jamaica,New York,View Map
11435,Jamaica,New York,View Map
11436,Jamaica,New York,View Map
11439,Jamaica,New York,View Map
11451,Jamaica,New York,View Map
11499,Jamaica,New York,View Map
11690,Far Rockaway,New York,View Map
11691,Far Rockaway,New York,View Map
11692,Arverne,New York,View Map
11693,Far Rockaway,New York,View Map
11694,Rockaway Park,New York,View Map
11695,Far Rockaway,New York,View Map
11697,Breezy Point,New York,View Map
